{
  "type": "minecraft:crafting_shaped",
  "category": "misc",
  "group": "prideTrim",
  "pattern": [
    "#A#",
    "#G#",
    "###"
  ],
  "key": {
    "#": "minecraft:diamond",
	"A": "minecraft:arms_up_pottery_sherd",
    "G": "minecraft:gold_block"
  },
  "result": {
    "id": "minecraft:arms_up_pottery_sherd",
    "count": 2,
    "components": {
      "minecraft:custom_model_data": 2052416,
      "minecraft:custom_name": "[{'translate':'trim_pattern.trimsexpanded.pride','color':'aqua','italic':false}]",
      "minecraft:lore": [
        "[{'translate':'item.minecraft.pride_armor_trim_smithing_template','color':'gray','italic':false}]",
        "[{'text':' ','color':'gray','italic':false}]",
        "[{'translate':'item.minecraft.smithing_template.applies_to','color':'gray','italic':false}]",
        "[[{'text':' ','color':'gray','italic':false}], [{'translate':'item.minecraft.smithing_template.armor_trim.applies_to','color':'blue','italic':false}]]",
        "[{'translate':'item.minecraft.smithing_template.ingredients','color':'gray','italic':false}]",
        "[[{'text':' ','color':'gray','italic':false}], [{'translate':'item.minecraft.smithing_template.armor_trim.ingredients','color':'blue','italic':false}]]"
      ]
    }
  }
}
