{
  "type": "minecraft:crafting_shaped",
  "category": "misc",
  "group": "susTrim",
  "pattern": [
    "#H#",
    "#N#",
    "###"
  ],
  "key": {
    "#": "minecraft:diamond",
    "H": "minecraft:heartbreak_pottery_sherd",
    "N": "minecraft:netherrack"
  },
  "result": {
    "id": "minecraft:heartbreak_pottery_sherd",
    "count": 2,
    "components": {
      "minecraft:custom_model_data": 2052416,
      "minecraft:custom_name": "[{'translate':'trim_pattern.trimsexpanded.suspicious','color':'aqua','italic':false}]",
      "minecraft:lore": [
        "[{'translate':'item.minecraft.suspicious_armor_trim_smithing_template','color':'gray','italic':false}]",
        "[{'text':' ','color':'gray','italic':false}]",
        "[{'translate':'item.minecraft.smithing_template.applies_to','color':'gray','italic':false}]",
        "[[{'text':' ','color':'gray','italic':false}], [{'translate':'item.minecraft.smithing_template.armor_trim.applies_to','color':'blue','italic':false}]]",
        "[{'translate':'item.minecraft.smithing_template.ingredients','color':'gray','italic':false}]",
        "[[{'text':' ','color':'gray','italic':false}], [{'translate':'item.minecraft.smithing_template.armor_trim.ingredients','color':'blue','italic':false}]]"
      ]
    }
  }
}
