{
  "neoforge:conditions": [
    {
      "type": "neoforge:and",
      "values": [
        {
          "type": "neoforge:mod_loaded",
          "modid": "techreborn"
        },
        {
          "type": "neoforge:item_exists",
          "item": "techreborn:raw_lead_storage_block"
        },
        {
          "type": "neoforge:item_exists",
          "item": "techreborn:lead_storage_block"
        }
      ]
    }
  ],
  "conditions": [
    {
      "type": "forge:and",
      "values": [
        {
          "type": "forge:mod_loaded",
          "modid": "techreborn"
        },
        {
          "type": "forge:item_exists",
          "item": "techreborn:raw_lead_storage_block"
        },
        {
          "type": "forge:item_exists",
          "item": "techreborn:lead_storage_block"
        }
      ]
    }
  ],
  "fabric:load_conditions": [
    {
      "condition": "fabric:and",
      "values": [
        {
          "condition": "fabric:all_mods_loaded",
          "values": [
            "techreborn"
          ]
        },
        {
          "condition": "fabric:registry_contains",
          "values": [
            "techreborn:raw_lead_storage_block"
          ]
        },
        {
          "condition": "fabric:registry_contains",
          "values": [
            "techreborn:lead_storage_block"
          ]
        }
      ]
    }
  ],
  "type": "minecraft:blasting",
  "ingredient": [
    {
      "item": "techreborn:raw_lead_storage_block"
    }
  ],
  "result": "techreborn:lead_storage_block",
  "experience": 3.6,
  "cookingtime": 900
}