{
  "condition": "minecraft:entity_scores",
  "entity": "this",
  "scores": {
    "Powers.Ability_Absorption": 0,
    "Powers.Ability_Replication": 0,
	"Powers.Ability_Transferal": 0,
    "Powers.Age_Shifting": 0,
	"Powers.Attraction_Of_Small_Objects": 0,
    "Powers.Augmented_Movement_Potential": 0,
	"Powers.Biokinesis": 0,
    "Powers.Bone_Protrusion": 0,
	"Powers.Catalyst": 0,
    "Powers.Chromatic_Synthesis": 0,
	"Powers.Clairvoyance": 0,
    "Powers.CryoKinetic_Armoury": 0,
	"Powers.Danger_Sense": 0,
    "Powers.Empathic_Mimicry": 0,
	"Powers.Geokinetic_Armor": 0,
    "Powers.Gold_Mimicry": 0,
    "Powers.Interplay": 0,
	"Powers.Intuitive_Aptitude": 0,
    "Powers.Kitsune_Mimicry": 0,
	"Powers.Levitation": 0,
    "Powers.Luminescent": 0,
    "Powers.Muscle_Inducement": 0,
	"Powers.NightVision": 0,
    "Powers.Ocular_Psychogenesis_Control": 0,
	"Powers.Ocular_Psychogenesis_Emission": 0,
    "Powers.Parallel_Processing": 0,
    "Powers.Plasma_Manipulation": 0,
	"Powers.Pocket_Reality": 0,
    "Powers.PyroKinesis": 0,
	"Powers.Rapid_Cellular_Regeneration": 0,
    "Powers.Space_Time_Manipulation": 0,
    "Powers.Spatial_Armaments": 0,
	"Powers.Stockpile": 0,
    "Powers.String_Generation": 0,
	"Powers.Suffocation_Immunity": 0,
    "Powers.Super_Strength": 0,
    "Powers.Wall_Climbing": 0,
	"Powers.Water_Breathing": 0,
    "Powers.WaterWalk": 0,
	"Powers.Regenerative_Segmentation": 0
  }
}
