{
  "neoforge:conditions": [
    {
      "type": "neoforge:and",
      "values": [
        {
          "type": "neoforge:mod_loaded",
          "modid": "planeteer_core"
        },
        {
          "type": "neoforge:item_exists",
          "item": "planeteer_core:lead_block_raw"
        },
        {
          "type": "neoforge:item_exists",
          "item": "planeteer_core:lead_block_compressed"
        }
      ]
    }
  ],
  "conditions": [
    {
      "type": "forge:and",
      "values": [
        {
          "type": "forge:mod_loaded",
          "modid": "planeteer_core"
        },
        {
          "type": "forge:item_exists",
          "item": "planeteer_core:lead_block_raw"
        },
        {
          "type": "forge:item_exists",
          "item": "planeteer_core:lead_block_compressed"
        }
      ]
    }
  ],
  "fabric:load_conditions": [
    {
      "condition": "fabric:and",
      "values": [
        {
          "condition": "fabric:all_mods_loaded",
          "values": [
            "planeteer_core"
          ]
        },
        {
          "condition": "fabric:registry_contains",
          "values": [
            "planeteer_core:lead_block_raw"
          ]
        },
        {
          "condition": "fabric:registry_contains",
          "values": [
            "planeteer_core:lead_block_compressed"
          ]
        }
      ]
    }
  ],
  "type": "minecraft:blasting",
  "ingredient": [
    {
      "item": "planeteer_core:lead_block_raw"
    }
  ],
  "result": "planeteer_core:lead_block_compressed",
  "experience": 3.6,
  "cookingtime": 900
}