{
  "type": "minecraft:chest",
  "pools": [
    {
      "rolls": 1,
      "entries": [
        {
          "type": "minecraft:item",
          "name": "minecraft:explorer_pottery_sherd",
          "functions": [
            {
              "function": "minecraft:set_name",
              "name": {
                "translate": "item.minecraft.smithing_template",
                "color": "white",
                "italic": false
              }
            },
            {
              "function": "minecraft:set_nbt",
              "tag": "{CustomModelData:2052416}"
            },
            {
              "function": "minecraft:set_lore",
              "lore": [
                {
                  "translate": "trim_pattern.trimsexpanded.shell",
                  "color": "gray",
                  "italic": false
                },
                {
                  "text": " "
                },
                {
                  "translate": "item.minecraft.smithing_template.applies_to",
                  "color": "gray",
                  "italic": false
                },
                {
                  "text": " ",
                  "extra": [
                    {
                      "translate": "item.minecraft.smithing_template.armor_trim.applies_to",
                      "color": "blue",
                      "italic": false
                    }
                  ]
                },
                {
                  "translate": "item.minecraft.smithing_template.ingredients",
                  "color": "gray",
                  "italic": false
                },
                {
                  "text": " ",
                  "extra": [
                    {
                      "translate": "item.minecraft.smithing_template.armor_trim.ingredients",
                      "color": "blue",
                      "italic": false
                    }
                  ]
                }
              ]
            }
          ]
        }
      ]
    }
  ]
}
