{
  "neoforge:conditions": [
    {
      "type": "neoforge:and",
      "values": [
        {
          "type": "neoforge:mod_loaded",
          "modid": "immersiveengineering"
        },
        {
          "type": "neoforge:item_exists",
          "item": "immersiveengineering:raw_block_uranium"
        },
        {
          "type": "neoforge:item_exists",
          "item": "immersiveengineering:storage_uranium"
        }
      ]
    }
  ],
  "conditions": [
    {
      "type": "forge:and",
      "values": [
        {
          "type": "forge:mod_loaded",
          "modid": "immersiveengineering"
        },
        {
          "type": "forge:item_exists",
          "item": "immersiveengineering:raw_block_uranium"
        },
        {
          "type": "forge:item_exists",
          "item": "immersiveengineering:storage_uranium"
        }
      ]
    }
  ],
  "fabric:load_conditions": [
    {
      "condition": "fabric:and",
      "values": [
        {
          "condition": "fabric:all_mods_loaded",
          "values": [
            "immersiveengineering"
          ]
        },
        {
          "condition": "fabric:registry_contains",
          "values": [
            "immersiveengineering:raw_block_uranium"
          ]
        },
        {
          "condition": "fabric:registry_contains",
          "values": [
            "immersiveengineering:storage_uranium"
          ]
        }
      ]
    }
  ],
  "type": "minecraft:blasting",
  "ingredient": [
    {
      "item": "immersiveengineering:raw_block_uranium"
    }
  ],
  "result": "immersiveengineering:storage_uranium",
  "experience": 3.6,
  "cookingtime": 900
}