{
  "neoforge:conditions": [
    {
      "type": "neoforge:and",
      "values": [
        {
          "type": "neoforge:mod_loaded",
          "modid": "mekanism"
        },
        {
          "type": "neoforge:item_exists",
          "item": "mekanism:block_raw_uranium"
        },
        {
          "type": "neoforge:item_exists",
          "item": "mekanism:block_uranium"
        }
      ]
    }
  ],
  "conditions": [
    {
      "type": "forge:and",
      "values": [
        {
          "type": "forge:mod_loaded",
          "modid": "mekanism"
        },
        {
          "type": "forge:item_exists",
          "item": "mekanism:block_raw_uranium"
        },
        {
          "type": "forge:item_exists",
          "item": "mekanism:block_uranium"
        }
      ]
    }
  ],
  "fabric:load_conditions": [
    {
      "condition": "fabric:and",
      "values": [
        {
          "condition": "fabric:all_mods_loaded",
          "values": [
            "mekanism"
          ]
        },
        {
          "condition": "fabric:registry_contains",
          "values": [
            "mekanism:block_raw_uranium"
          ]
        },
        {
          "condition": "fabric:registry_contains",
          "values": [
            "mekanism:block_uranium"
          ]
        }
      ]
    }
  ],
  "type": "minecraft:smelting",
  "ingredient": [
    {
      "item": "mekanism:block_raw_uranium"
    }
  ],
  "result": "mekanism:block_uranium",
  "experience": 3.6,
  "cookingtime": 1800
}