{
  "type": "minecraft:chest",
  "pools": [
    {
      "rolls": 1,
      "entries": [
        {
          "type": "minecraft:item",
          "name": "minecraft:danger_pottery_sherd",
          "functions": [
            {
              "function": "minecraft:set_components",
              "components": {
                "minecraft:custom_model_data": 2052416,
                "minecraft:custom_name": "[{'translate':'trim_pattern.trimsexpanded.danger','italic':false}]",
                "minecraft:lore": [
                  "[{'translate':'item.minecraft.danger_armor_trim_smithing_template','color':'gray','italic':false}]",
                  "[{'text':' ','color':'gray','italic':false}]",
                  "[{'translate':'item.minecraft.smithing_template.applies_to','color':'gray','italic':false}]",
                  "[[{'text':' ','color':'gray','italic':false}], [{'translate':'item.minecraft.smithing_template.armor_trim.applies_to','color':'blue','italic':false}]]",
                  "[{'translate':'item.minecraft.smithing_template.ingredients','color':'gray','italic':false}]",
                  "[[{'text':' ','color':'gray','italic':false}], [{'translate':'item.minecraft.smithing_template.armor_trim.ingredients','color':'blue','italic':false}]]"
                ],
                "minecraft:rarity": "uncommon"
              }
            }
          ]
        }
      ]
    },
    {
      "rolls": 1,
      "entries": [
        {
          "type": "minecraft:item",
          "name": "minecraft:friend_pottery_sherd",
          "functions": [
            {
              "function": "minecraft:set_components",
              "components": {
                "minecraft:custom_model_data": 2052416,
                "minecraft:custom_name": "[{'translate':'trim_pattern.trimsexpanded.plated','italic':false}]",
                "minecraft:lore": [
                  "[{'translate':'item.minecraft.plated_armor_trim_smithing_template','color':'gray','italic':false}]",
                  "[{'text':' ','color':'gray','italic':false}]",
                  "[{'translate':'item.minecraft.smithing_template.applies_to','color':'gray','italic':false}]",
                  "[[{'text':' ','color':'gray','italic':false}], [{'translate':'item.minecraft.smithing_template.armor_trim.applies_to','color':'blue','italic':false}]]",
                  "[{'translate':'item.minecraft.smithing_template.ingredients','color':'gray','italic':false}]",
                  "[[{'text':' ','color':'gray','italic':false}], [{'translate':'item.minecraft.smithing_template.armor_trim.ingredients','color':'blue','italic':false}]]"
                ],
                "minecraft:rarity": "uncommon"
              }
            }
          ]
        }
      ]
    },
    {
      "rolls": 1,
      "entries": [
        {
          "type": "minecraft:item",
          "name": "minecraft:explorer_pottery_sherd",
          "functions": [
            {
              "function": "minecraft:set_components",
              "components": {
                "minecraft:custom_model_data": 2052416,
                "minecraft:custom_name": "[{'translate':'trim_pattern.trimsexpanded.shell','italic':false}]",
                "minecraft:lore": [
                  "[{'translate':'item.minecraft.shell_armor_trim_smithing_template','color':'gray','italic':false}]",
                  "[{'text':' ','color':'gray','italic':false}]",
                  "[{'translate':'item.minecraft.smithing_template.applies_to','color':'gray','italic':false}]",
                  "[[{'text':' ','color':'gray','italic':false}], [{'translate':'item.minecraft.smithing_template.armor_trim.applies_to','color':'blue','italic':false}]]",
                  "[{'translate':'item.minecraft.smithing_template.ingredients','color':'gray','italic':false}]",
                  "[[{'text':' ','color':'gray','italic':false}], [{'translate':'item.minecraft.smithing_template.armor_trim.ingredients','color':'blue','italic':false}]]"
                ],
                "minecraft:rarity": "uncommon"
              }
            }
          ]
        }
      ]
    },
    {
      "rolls": 1,
      "entries": [
        {
          "type": "minecraft:item",
          "name": "minecraft:blade_pottery_sherd",
          "functions": [
            {
              "function": "minecraft:set_components",
              "components": {
                "minecraft:custom_model_data": 2052416,
                "minecraft:custom_name": "[{'translate':'trim_pattern.trimsexpanded.margin','italic':false}]",
                "minecraft:lore": [
                  "[{'translate':'item.minecraft.margin_armor_trim_smithing_template','color':'gray','italic':false}]",
                  "[{'text':' ','color':'gray','italic':false}]",
                  "[{'translate':'item.minecraft.smithing_template.applies_to','color':'gray','italic':false}]",
                  "[[{'text':' ','color':'gray','italic':false}], [{'translate':'item.minecraft.smithing_template.armor_trim.applies_to','color':'blue','italic':false}]]",
                  "[{'translate':'item.minecraft.smithing_template.ingredients','color':'gray','italic':false}]",
                  "[[{'text':' ','color':'gray','italic':false}], [{'translate':'item.minecraft.smithing_template.armor_trim.ingredients','color':'blue','italic':false}]]"
                ],
                "minecraft:rarity": "uncommon"
              }
            }
          ]
        }
      ]
    },
    {
      "rolls": 1,
      "entries": [
        {
          "type": "minecraft:item",
          "name": "minecraft:snort_pottery_sherd",
          "functions": [
            {
              "function": "minecraft:set_components",
              "components": {
                "minecraft:custom_model_data": 2052416,
                "minecraft:custom_name": "[{'translate':'trim_pattern.trimsexpanded.verdant','italic':false}]",
                "minecraft:lore": [
                  "[{'translate':'item.minecraft.verdant_armor_trim_smithing_template','color':'gray','italic':false}]",
                  "[{'text':' ','color':'gray','italic':false}]",
                  "[{'translate':'item.minecraft.smithing_template.applies_to','color':'gray','italic':false}]",
                  "[[{'text':' ','color':'gray','italic':false}], [{'translate':'item.minecraft.smithing_template.armor_trim.applies_to','color':'blue','italic':false}]]",
                  "[{'translate':'item.minecraft.smithing_template.ingredients','color':'gray','italic':false}]",
                  "[[{'text':' ','color':'gray','italic':false}], [{'translate':'item.minecraft.smithing_template.armor_trim.ingredients','color':'blue','italic':false}]]"
                ],
                "minecraft:rarity": "uncommon"
              }
            }
          ]
        }
      ]
    },
    {
      "rolls": 1,
      "entries": [
        {
          "type": "minecraft:item",
          "name": "minecraft:heart_pottery_sherd",
          "functions": [
            {
              "function": "minecraft:set_components",
              "components": {
                "minecraft:custom_model_data": 2052416,
                "minecraft:custom_name": "[{'translate':'trim_pattern.trimsexpanded.heart','italic':false}]",
                "minecraft:lore": [
                  "[{'translate':'item.minecraft.heart_armor_trim_smithing_template','color':'gray','italic':false}]",
                  "[{'text':' ','color':'gray','italic':false}]",
                  "[{'translate':'item.minecraft.smithing_template.applies_to','color':'gray','italic':false}]",
                  "[[{'text':' ','color':'gray','italic':false}], [{'translate':'item.minecraft.smithing_template.armor_trim.applies_to','color':'blue','italic':false}]]",
                  "[{'translate':'item.minecraft.smithing_template.ingredients','color':'gray','italic':false}]",
                  "[[{'text':' ','color':'gray','italic':false}], [{'translate':'item.minecraft.smithing_template.armor_trim.ingredients','color':'blue','italic':false}]]"
                ],
                "minecraft:rarity": "uncommon"
              }
            }
          ]
        }
      ]
    },
    {
      "rolls": 1,
      "entries": [
        {
          "type": "minecraft:item",
          "name": "minecraft:burn_pottery_sherd",
          "functions": [
            {
              "function": "minecraft:set_components",
              "components": {
                "minecraft:custom_model_data": 2052416,
                "minecraft:custom_name": "[{'translate':'trim_pattern.trimsexpanded.drip','italic':false}]",
                "minecraft:lore": [
                  "[{'translate':'item.minecraft.drip_armor_trim_smithing_template','color':'gray','italic':false}]",
                  "[{'text':' ','color':'gray','italic':false}]",
                  "[{'translate':'item.minecraft.smithing_template.applies_to','color':'gray','italic':false}]",
                  "[[{'text':' ','color':'gray','italic':false}], [{'translate':'item.minecraft.smithing_template.armor_trim.applies_to','color':'blue','italic':false}]]",
                  "[{'translate':'item.minecraft.smithing_template.ingredients','color':'gray','italic':false}]",
                  "[[{'text':' ','color':'gray','italic':false}], [{'translate':'item.minecraft.smithing_template.armor_trim.ingredients','color':'blue','italic':false}]]"
                ],
                "minecraft:rarity": "rare"
              }
            }
          ]
        }
      ]
    },
    {
      "rolls": 1,
      "entries": [
        {
          "type": "minecraft:item",
          "name": "minecraft:heartbreak_pottery_sherd",
          "functions": [
            {
              "function": "minecraft:set_components",
              "components": {
                "minecraft:custom_model_data": 2052416,
                "minecraft:custom_name": "[{'translate':'trim_pattern.trimsexpanded.suspicious','italic':false}]",
                "minecraft:lore": [
                  "[{'translate':'item.minecraft.suspicious_armor_trim_smithing_template','color':'gray','italic':false}]",
                  "[{'text':' ','color':'gray','italic':false}]",
                  "[{'translate':'item.minecraft.smithing_template.applies_to','color':'gray','italic':false}]",
                  "[[{'text':' ','color':'gray','italic':false}], [{'translate':'item.minecraft.smithing_template.armor_trim.applies_to','color':'blue','italic':false}]]",
                  "[{'translate':'item.minecraft.smithing_template.ingredients','color':'gray','italic':false}]",
                  "[[{'text':' ','color':'gray','italic':false}], [{'translate':'item.minecraft.smithing_template.armor_trim.ingredients','color':'blue','italic':false}]]"
                ],
                "minecraft:rarity": "rare"
              }
            }
          ]
        }
      ]
    },
    {
      "rolls": 1,
      "entries": [
        {
          "type": "minecraft:item",
          "name": "minecraft:arms_up_pottery_sherd",
          "functions": [
            {
              "function": "minecraft:set_components",
              "components": {
                "minecraft:custom_model_data": 2052416,
                "minecraft:custom_name": "[{'translate':'trim_pattern.trimsexpanded.pride','italic':false}]",
                "minecraft:lore": [
                  "[{'translate':'item.minecraft.pride_armor_trim_smithing_template','color':'gray','italic':false}]",
                  "[{'text':' ','color':'gray','italic':false}]",
                  "[{'translate':'item.minecraft.smithing_template.applies_to','color':'gray','italic':false}]",
                  "[[{'text':' ','color':'gray','italic':false}], [{'translate':'item.minecraft.smithing_template.armor_trim.applies_to','color':'blue','italic':false}]]",
                  "[{'translate':'item.minecraft.smithing_template.ingredients','color':'gray','italic':false}]",
                  "[[{'text':' ','color':'gray','italic':false}], [{'translate':'item.minecraft.smithing_template.armor_trim.ingredients','color':'blue','italic':false}]]"
                ],
                "minecraft:rarity": "rare"
              }
            }
          ]
        }
      ]
    }
  ],
  "random_sequence": "minecraft:chests/simple_dungeon"
}
