{
  "type": "minecraft:crafting_shaped",
  "category": "misc",
  "pattern": [
    "#D#",
    "#M#",
    "###"
  ],
  "key": {
    "#": {
      "item": "minecraft:diamond"
    },
    "M": {
      "item": "minecraft:mossy_cobblestone"
    },
    "D": {
      "item": "minecraft:danger_pottery_sherd"
    }
  },
  "result": {
    "id": "minecraft:danger_pottery_sherd",
    "count": 2,
    "components": {
      "custom_model_data": 2052416,
	  "custom_name": "[{'translate':'item.minecraft.dune_armor_trim_smithing_template','italic':false}]",
	  "lore": [
	  "[{'translate':'trim_pattern.trimsexpanded.danger','color':'gray','italic':false}]",
	  "[{'text':' ','color':'gray','italic':false}]",
	  "[{'translate':'item.minecraft.smithing_template.applies_to','color':'gray','italic':false}]",
	  "[[{'text':' ','color':'gray','italic':false}], [{'translate':'item.minecraft.smithing_template.armor_trim.applies_to','color':'blue','italic':false}]]",
	  "[{'translate':'item.minecraft.smithing_template.ingredients','color':'gray','italic':false}]",
	  "[[{'text':' ','color':'gray','italic':false}], [{'translate':'item.minecraft.smithing_template.armor_trim.ingredients','color':'blue','italic':false}]]"]
      }
    }
  }
}
