{
  "type": "minecraft:crafting_shaped",
  "category": "misc",
  "group": "dripTrim",
  "pattern": [
    "#B#",
    "#E#",
    "###"
  ],
  "key": {
    "#": {
      "item": "minecraft:diamond"
    },
    "E": {
      "item": "minecraft:emerald_block"
    },
    "B": {
      "item": "minecraft:burn_pottery_sherd"
    }
  },
  "result": {
    "id": "minecraft:burn_pottery_sherd",
    "count": 2,
    "components": {
      "custom_model_data": 2052416,
      "custom_name": "[{'translate':'item.minecraft.dune_armor_trim_smithing_template','italic':false}]",
      "lore": [
        "[{'translate':'trim_pattern.trimsexpanded.drip','color':'gray','italic':false}]",
        "[{'text':' ','color':'gray','italic':false}]",
        "[{'translate':'item.minecraft.smithing_template.applies_to','color':'gray','italic':false}]",
        "[[{'text':' ','color':'gray','italic':false}], [{'translate':'item.minecraft.smithing_template.armor_trim.applies_to','color':'blue','italic':false}]]",
        "[{'translate':'item.minecraft.smithing_template.ingredients','color':'gray','italic':false}]",
        "[[{'text':' ','color':'gray','italic':false}], [{'translate':'item.minecraft.smithing_template.armor_trim.ingredients','color':'blue','italic':false}]]"
      ]
    }
  }
}
