{
  "type": "minecraft:crafting_shaped",
  "category": "misc",
  "group": "prideTrim",
  "pattern": [
    "#H#",
    "#G#",
    "###"
  ],
  "key": {
    "#": {
      "item": "minecraft:diamond"
    },
    "G": {
      "item": "minecraft:gold_block"
    },
    "H": {
      "item": "minecraft:heart_of_the_sea"
    }
  },
  "result": {
    "id": "minecraft:arms_up_pottery_sherd",
    "count": 1,
    "components": {
      "custom_model_data": 2052416,
      "custom_name": "[{'translate':'item.minecraft.dune_armor_trim_smithing_template','italic':false}]",
      "lore": [
        "[{'translate':'trim_pattern.trimsexpanded.pride','color':'gray','italic':false}]",
        "[{'text':' ','color':'gray','italic':false}]",
        "[{'translate':'item.minecraft.smithing_template.applies_to','color':'gray','italic':false}]",
        "[[{'text':' ','color':'gray','italic':false}], [{'translate':'item.minecraft.smithing_template.armor_trim.applies_to','color':'blue','italic':false}]]",
        "[{'translate':'item.minecraft.smithing_template.ingredients','color':'gray','italic':false}]",
        "[[{'text':' ','color':'gray','italic':false}], [{'translate':'item.minecraft.smithing_template.armor_trim.ingredients','color':'blue','italic':false}]]"
      ]
    }
  }
}
