{
  "type": "minecraft:crafting_shaped",
  "category": "misc",
  "pattern": [
    "#E#",
    "#S#",
    "###"
  ],
  "key": {
    "#": {
      "item": "minecraft:diamond"
    },
    "S": {
      "item": "minecraft:sandstone"
    },
    "E": {
      "item": "minecraft:explorer_pottery_sherd"
    }
  },
  "result": {
    "id": "minecraft:explorer_pottery_sherd",
    "count": 2,
    "components": {
      "custom_model_data": 2052416,
      "custom_name": "[{'translate':'item.minecraft.dune_armor_trim_smithing_template','italic':false}]",
      "lore": [
        "[{'translate':'trim_pattern.trimsexpanded.shell','color':'gray','italic':false}]",
        "[{'text':' ','color':'gray','italic':false}]",
        "[{'translate':'item.minecraft.smithing_template.applies_to','color':'gray','italic':false}]",
        "[[{'text':' ','color':'gray','italic':false}], [{'translate':'item.minecraft.smithing_template.armor_trim.applies_to','color':'blue','italic':false}]]",
        "[{'translate':'item.minecraft.smithing_template.ingredients','color':'gray','italic':false}]",
        "[[{'text':' ','color':'gray','italic':false}], [{'translate':'item.minecraft.smithing_template.armor_trim.ingredients','color':'blue','italic':false}]]"
      ]
    }
  }
}
