{
  "neoforge:conditions": [
    {
      "type": "neoforge:and",
      "values": [
        {
          "type": "neoforge:mod_loaded",
          "modid": "mythicmetals"
        },
        {
          "type": "neoforge:item_exists",
          "item": "mythicmetals:raw_silver_block"
        },
        {
          "type": "neoforge:item_exists",
          "item": "mythicmetals:silver_block"
        }
      ]
    }
  ],
  "conditions": [
    {
      "type": "forge:and",
      "values": [
        {
          "type": "forge:mod_loaded",
          "modid": "mythicmetals"
        },
        {
          "type": "forge:item_exists",
          "item": "mythicmetals:raw_silver_block"
        },
        {
          "type": "forge:item_exists",
          "item": "mythicmetals:silver_block"
        }
      ]
    }
  ],
  "fabric:load_conditions": [
    {
      "condition": "fabric:and",
      "values": [
        {
          "condition": "fabric:all_mods_loaded",
          "values": [
            "mythicmetals"
          ]
        },
        {
          "condition": "fabric:registry_contains",
          "values": [
            "mythicmetals:raw_silver_block"
          ]
        },
        {
          "condition": "fabric:registry_contains",
          "values": [
            "mythicmetals:silver_block"
          ]
        }
      ]
    }
  ],
  "type": "minecraft:smelting",
  "ingredient": [
    {
      "item": "mythicmetals:raw_silver_block"
    }
  ],
  "result": "mythicmetals:silver_block",
  "experience": 3.6,
  "cookingtime": 1800
}