{
    "type": "minecraft:entity",
    "random_sequence": "minecraft:entities/villager",
    "pools": [
        {
            "rolls": 1,
            "entries": [
                {
                    "type": "item",
                    "weight": 1,
                    "name": "sgoc:tablet_of_aatu",
                    "conditions": [
                        {
                            "condition": "random_chance",
                            "chance": 0.05
                        }
                    ]
                }
            ]
        },
        {
            "rolls": 1,
            "entries": [
                {
                    "type": "item",
                    "weight": 1,
                    "name": "sgoc:aatu_totem",
                    "conditions": [
                        {
                            "condition": "random_chance",
                            "chance": 0.025
                        }
                    ]
                }
            ]
        },
        {
            "rolls": 1,
            "entries": [
                {
                    "type": "item",
                    "weight": 1,
                    "name": "sgoc:tikses_totem",
                    "conditions": [
                        {
                            "condition": "random_chance",
                            "chance": 0.001
                        }
                    ]
                }
            ]
        },
        {
            "bonus_rolls": 0.0,
            "conditions": [
                {
                    "condition": "minecraft:killed_by_player"
                },
                {
                    "chance": 0.5,
                    "condition": "minecraft:random_chance_with_looting",
                    "looting_multiplier": 0.15
                }
            ],
            "entries": [
                {
                    "type": "minecraft:item",
                    "name": "knights_of_britannia:pure_magic_fragment",
                    "functions": [
                        {
                            "function": "minecraft:set_count",
                            "count": {
                                "min": 1,
                                "max": 3
                            }
                        }
                    ]
                }
            ],
            "rolls": 1.0
        },
        {
            "rolls": 1,
            "entries": [
                {
                    "type": "item",
                    "weight": 1,
                    "name": "sgoc:gaia_tablet",
                    "conditions": [
                        {
                            "condition": "random_chance",
                            "chance": 0.01
                        }
                    ]
                }
            ]
        }
    ]
}
