{
  "display": {
    "icon": {
      "item": "minecraft:friend_pottery_sherd",
      "nbt": "{CustomModelData:2052416}"
    },
    "title": {
      "translate": "advancements.adventure.craft_hidden_armor_trim.title"
    },
    "description": {
      "translate": "advancements.adventure.craft_hidden_armor_trim.description"
    },
    "frame": "challenge",
    "show_toast": true,
    "announce_to_chat": true
  },
  "parent": "minecraft:adventure/trim_with_any_armor_pattern",
  "criteria": {
    "drip": {
      "trigger": "minecraft:recipe_crafted",
      "conditions": {
        "recipe_id": "minecraft:drip_armor_trim_smithing_template"
      }
    },
    "suspicious": {
      "trigger": "minecraft:recipe_crafted",
      "conditions": {
        "recipe_id": "minecraft:suspicious_armor_trim_smithing_template"
      }
    },
    "pride": {
      "trigger": "minecraft:recipe_crafted",
      "conditions": {
        "recipe_id": "minecraft:pride_armor_trim_smithing_template"
      }
    }
  },
  "sends_telemetry_event": true
}
