{
  "type": "minecraft:gift",
  "pools": [
    {
      "rolls": 1,
      "bonus_rolls": 0,
      "entries": [
        {
          "type": "minecraft:item",
          "name": "minecraft:rabbit_hide",
          "weight": 10
        },
        {
          "type": "minecraft:item",
          "name": "minecraft:rabbit_foot",
          "weight": 10
        },
        {
          "type": "minecraft:item",
          "name": "minecraft:chicken",
          "weight": 10
        },
        {
          "type": "minecraft:item",
          "name": "minecraft:feather",
          "weight": 10
        },
        {
          "type": "minecraft:item",
          "name": "minecraft:rotten_flesh",
          "weight": 10
        },
        {
          "type": "minecraft:item",
          "name": "minecraft:string",
          "weight": 10
        },
        {
          "type": "minecraft:item",
          "name": "minecraft:phantom_membrane",
          "weight": 2
        },
        {
          "type": "minecraft:item",
          "name": "minecraft:heart_pottery_sherd",
          "functions": [
            {
              "function": "minecraft:set_name",
              "name": {
                "translate": "item.minecraft.smithing_template",
                "color": "white",
                "italic": false
              }
            },
            {
              "function": "minecraft:set_nbt",
              "tag": "{CustomModelData:2052416}"
            },
            {
              "function": "minecraft:set_lore",
              "lore": [
                {
                  "translate": "trim_pattern.trimsexpanded.heart",
                  "color": "gray",
                  "italic": false
                },
                {
                  "text": " "
                },
                {
                  "translate": "item.minecraft.smithing_template.applies_to",
                  "color": "gray",
                  "italic": false
                },
                {
                  "translate": "item.minecraft.smithing_template.armor_trim.applies_to",
                  "color": "blue",
                  "italic": false
                },
                {
                  "translate": "item.minecraft.smithing_template.ingredients",
                  "color": "gray",
                  "italic": false
                },
                {
                  "translate": "item.minecraft.smithing_template.armor_trim.ingredients",
                  "color": "blue",
                  "italic": false
                }
              ]
            }
          ]
        }
      ]
    }
  ],
  "random_sequence": "minecraft:gameplay/cat_morning_gift"
}
